source,employment_type_raw,employment_type
ashby,FullTime,full_time
ashby,PartTime,part_time
ashby,Contract,contract
ashby,Temporary,temporary
ashby,Intern,internship
workable,Full-time,full_time
workable,Part-time,part_time
workable,Contract,contract
workable,Temporary,temporary
workable,Other,other
recruitee,fulltime,full_time
recruitee,fulltime_permanent,full_time
recruitee,fulltime_fixed_term,full_time
recruitee,parttime,part_time
recruitee,parttime_permanent,part_time
recruitee,parttime_fixed_term,part_time
recruitee,parttime_minijob,part_time
recruitee,contract,contract
recruitee,freelance,contract
recruitee,temporary,temporary
recruitee,seasonal,temporary
recruitee,internship,internship
recruitee,apprenticeship,internship
recruitee,volunteer,other
